t0difficulty,t0trialNumber,t0image,t0trialCondition,t0pages,t0trialPart_0_StartTime,t0trialPart_1_StartTime,t0trialPart_1_ServerStartTime,t0response2,t0responseTime,t0correct,participant,t1difficulty,t1trialNumber,t1image,t1trialCondition,t1pages,t1trialPart_0_StartTime,t1trialPart_1_StartTime,t1trialPart_1_ServerStartTime,t1response2,t1responseTime,t1correct,t2difficulty,t2trialNumber,t2image,t2trialCondition,t2pages,t2trialPart_0_StartTime,t2trialPart_1_StartTime,t2trialPart_1_ServerStartTime,t2response2,t2responseTime,t2correct,t3difficulty,t3trialNumber,t3image,t3trialCondition,t3pages,t3trialPart_0_StartTime,t3trialPart_1_StartTime,t3trialPart_1_ServerStartTime,t3response2,t3responseTime,t3correct,t4difficulty,t4trialNumber,t4image,t4trialCondition,t4pages,t4trialPart_0_StartTime,t4trialPart_1_StartTime,t4trialPart_1_ServerStartTime,t4response2,t4responseTime,t4correct,t5difficulty,t5trialNumber,t5image,t5trialCondition,t5pages,t5trialPart_0_StartTime,t5trialPart_1_StartTime,t5trialPart_1_ServerStartTime,t5response2,t5responseTime,t5correct,t6difficulty,t6trialNumber,t6image,t6trialCondition,t6pages,t6trialPart_0_StartTime,t6trialPart_1_StartTime,t6trialPart_1_ServerStartTime,t6response2,t6responseTime,t6correct,t7difficulty,t7trialNumber,t7image,t7trialCondition,t7pages,t7trialPart_0_StartTime,t7trialPart_1_StartTime,t7trialPart_1_ServerStartTime,t7response2,t7responseTime,t7correct,t8difficulty,t8trialNumber,t8image,t8trialCondition,t8pages,t8trialPart_0_StartTime,t8trialPart_1_StartTime,t8trialPart_1_ServerStartTime,t8response2,t8responseTime,t8correct,t9difficulty,t9trialNumber,t9image,t9trialCondition,t9pages,t9trialPart_0_StartTime,t9trialPart_1_StartTime,t9trialPart_1_ServerStartTime,t9response2,t9responseTime,t9correct,t10difficulty,t10trialNumber,t10image,t10trialCondition,t10pages,t10trialPart_0_StartTime,t10trialPart_1_StartTime,t10trialPart_1_ServerStartTime,t10response2,t10responseTime,t10correct,t11difficulty,t11trialNumber,t11image,t11trialCondition,t11pages,t11trialPart_0_StartTime,t11trialPart_1_StartTime,t11trialPart_1_ServerStartTime,t11response2,t11responseTime,t11correct,t12difficulty,t12trialNumber,t12image,t12trialCondition,t12pages,t12trialPart_0_StartTime,t12trialPart_1_StartTime,t12trialPart_1_ServerStartTime,t12response2,t12responseTime,t12correct,t13difficulty,t13trialNumber,t13image,t13trialCondition,t13pages,t13trialPart_0_StartTime,t13trialPart_1_StartTime,t13trialPart_1_ServerStartTime,t13response2,t13responseTime,t13correct,t14difficulty,t14trialNumber,t14image,t14trialCondition,t14pages,t14trialPart_0_StartTime,t14trialPart_1_StartTime,t14trialPart_1_ServerStartTime,t14response2,t14responseTime,t14correct,t15difficulty,t15trialNumber,t15image,t15trialCondition,t15pages,t15trialPart_0_StartTime,t15trialPart_1_StartTime,t15trialPart_1_ServerStartTime,t15response2,t15responseTime,t15correct,t16difficulty,t16trialNumber,t16image,t16trialCondition,t16pages,t16trialPart_0_StartTime,t16trialPart_1_StartTime,t16trialPart_1_ServerStartTime,t16response2,t16responseTime,t16correct,t17difficulty,t17trialNumber,t17image,t17trialCondition,t17pages,t17trialPart_0_StartTime,t17trialPart_1_StartTime,t17trialPart_1_ServerStartTime,t17response2,t17responseTime,t17correct,t18difficulty,t18trialNumber,t18image,t18trialCondition,t18pages,t18trialPart_0_StartTime,t18trialPart_1_StartTime,t18trialPart_1_ServerStartTime,t18response2,t18responseTime,t18correct,t19difficulty,t19trialNumber,t19image,t19trialCondition,t19pages,t19trialPart_0_StartTime,t19trialPart_1_StartTime,t19trialPart_1_ServerStartTime,t19response2,t19responseTime,t19correct,t20difficulty,t20trialNumber,t20image,t20trialCondition,t20pages,t20trialPart_0_StartTime,t20trialPart_1_StartTime,t20trialPart_1_ServerStartTime,t20response2,t20responseTime,t20correct,t21difficulty,t21trialNumber,t21image,t21trialCondition,t21pages,t21trialPart_0_StartTime,t21trialPart_1_StartTime,t21trialPart_1_ServerStartTime,t21response2,t21responseTime,t21correct,t22difficulty,t22trialNumber,t22image,t22trialCondition,t22pages,t22trialPart_0_StartTime,t22trialPart_1_StartTime,t22trialPart_1_ServerStartTime,t22response2,t22responseTime,t22correct,t23difficulty,t23trialNumber,t23image,t23trialCondition,t23pages,t23trialPart_0_StartTime,t23trialPart_1_StartTime,t23trialPart_1_ServerStartTime,t23response2,t23responseTime,t23correct,t24difficulty,t24trialNumber,t24image,t24trialCondition,t24pages,t24trialPart_0_StartTime,t24trialPart_1_StartTime,t24trialPart_1_ServerStartTime,t24response2,t24responseTime,t24correct,t25difficulty,t25trialNumber,t25image,t25trialCondition,t25pages,t25trialPart_0_StartTime,t25trialPart_1_StartTime,t25trialPart_1_ServerStartTime,t25response2,t25responseTime,t25correct
3,0,twitch,EV,2,1593633074030,1593636256222,"1593636258247486293
",back,8497,1,,1,1,paypal,EV,2,1593636267987,1593636270703,"1593636272069528427
",login,5917,1,3,2,covid,EV,2,1593636279169,1593636280839,"1593636282202659827
",back,3469,1,1,3,amazon,EV,2,1593636288030,1593636289468,"1593636290831210203
",login,8466,1,1,4,godaddy,EV,2,1593636300178,1593636315962,"1593636317329079076
",login,4897,1,1,5,expedia,EV,2,1593636323130,1593636324613,"1593636325978892613
",login,3786,1,3,6,yahoo,EV,2,1593636332456,1593636333894,"1593636335259199268
",back,2535,1,1,7,giphy,EV,2,1593636338947,1593636340126,"1593636341490231843
",login,4679,1,3,8,flipkart,EV,2,1593636347035,1593636348519,"1593636349881766018
",login,8723,0,1,9,twitter,EV,2,1593636359124,1593636376441,"1593636377804161451
",login,4417,1,3,10,aliexpress,EV,2,1593636388598,1593636390065,"1593636391428114662
",back,2803,1,1,11,airbnb,EV,2,1593636396621,1593636398559,"1593636399922337083
",login,3850,1,1,12,stackoverflow,EV,2,1593636404641,1593636406289,"1593636407652942701
",back,9115,0,3,13,steam,EV,2,1593636418960,1593636436382,"1593636437746305227
",back,2793,1,1,14,wordpress,EV,2,1593636441605,1593636447395,"1593636448758515949
",login,9664,1,3,15,ebay,EV,2,1593636458944,1593636460242,"1593636461607037111
",back,2282,1,1,16,dropbox,EV,2,1593636465695,1593636467926,"1593636469290205331
",login,3422,1,3,17,ups,EV,2,1593636475806,1593636477433,"1593636478797426649
",back,2387,1,1,18,yelp,EV,2,1593636482410,1593636484126,"1593636485490664552
",login,4366,1,3,19,battle,EV,2,1593636490817,1593636495500,"1593636496864485479
",back,6885,1,1,20,tripadvisor,EV,2,1593636504986,1593636506457,"1593636507821747933
",login,11293,1,3,21,netflix,EV,2,1593636521539,1593636533187,"1593636534552811688
",back,5654,1,3,22,adobe,EV,2,1593636540899,1593636557815,"1593636559178524823
",back,2448,1,3,23,salesforce,EV,2,1593636562481,1593636563799,"1593636565163861533
",back,8283,1,3,24,github,EV,2,1593636577066,1593636578322,"1593636579686130675
",back,2984,1,1,25,adfly,EV,2,1593636583611,1593636584712,"1593636586077225665
",login,9630,1
